{"exposure": -0.4, "base_color": [0.7279999256134033, 0.5578039288520813, 0.3640784025192261], "crop": null}