{"exposure": -0.4, "base_color": [0.827137291431427, 0.6705883741378784, 0.46650978922843933], "crop": [0.11159420289855072, 0.07971014492753623, 0.9241545893719807, 0.9173913043478261]}